Parameter,Value
MSE,1.5079646017699115
MAE,0.6584070796460177
R-SQUARED,0.0984650420633909
RMSE,1.2279921016724462
ACCURACY,63.716814159292035
